run_number,phase,model,wall_latency_ms,load_duration_ms,prompt_eval_duration_ms,eval_duration_ms,prompt_tokens,output_tokens,tokens_per_second,gpu_available,gpu_avg_util_pct,gpu_max_util_pct,gpu_avg_memory_mb,gpu_max_memory_mb,gpu_total_memory_mb,gpu_max_temperature_c,gpu_avg_power_w,gpu_samples
1,cold_or_first,qwen2.5:3b,6470.290800003568,129.0403,221.2822,5788.5718,51,541,93.46001374639596,True,85.63636363636364,94.0,3602.5546875,3602.5546875,8188.0,55.0,37.222787878787884,33
2,warm,qwen2.5:3b,7256.814899999881,120.768,12.0152,6677.4094,51,633,94.7972427750199,True,86.21621621621621,94.0,3602.5546875,3602.5546875,8188.0,58.0,45.41151351351352,37
3,warm,qwen2.5:3b,6944.541900011245,135.8138,12.413,5923.8296,51,598,100.94821093435908,True,88.8,95.0,3603.2947544642857,3606.98046875,8188.0,61.0,45.61222857142857,35
4,warm,qwen2.5:3b,7518.938099994557,122.0083,12.0692,6979.0521,51,650,93.13585723195848,True,86.86842105263158,94.0,3602.85546875,3602.85546875,8188.0,63.0,44.16126315789474,38
5,warm,qwen2.5:3b,7275.643400003901,149.2161,12.1747,6671.2281,51,626,93.83579614074355,True,88.54054054054055,94.0,3602.85546875,3602.85546875,8188.0,65.0,44.83878378378379,37
6,warm,qwen2.5:3b,7958.2886999996845,136.2532,12.198,7357.5537,51,691,93.91708551172381,True,86.925,94.0,3602.85546875,3602.85546875,8188.0,67.0,45.699325,40
7,warm,qwen2.5:3b,6936.983199993847,134.6346,12.0159,6407.2361,51,604,94.26841629887807,True,86.05714285714286,95.0,3602.85546875,3602.85546875,8188.0,68.0,46.05585714285714,35
8,warm,qwen2.5:3b,8389.78580001276,128.7643,12.453,7818.6293,51,717,91.70405354810721,True,86.83333333333333,95.0,3591.703683035714,3602.85546875,8188.0,68.0,45.73952380952381,42
